model,metric,recursive_mean_delta,control_mean_delta,recursive_minus_control,seed42_effect,seed123_effect
Qwen2.5-0.5B,disease_f1,-0.1008142273171599,-0.009333721833721859,-0.09148050548343804,-0.0925344368892756,-0.09042657407760049
Qwen2.5-0.5B,chemical_f1,-0.08574540927482106,0.03404139433551194,-0.119786803610333,-0.146218487394958,-0.09335511982570802
Qwen2.5-0.5B,context_supported_rate,-0.16492253728598627,0.053812379895735424,-0.2187349171817217,-0.24810780254936343,-0.18936203181407996
Qwen2.5-0.5B,context_unsupported_rate,0.16492253728598635,-0.053812379895735424,0.21873491718172178,0.24810780254936354,0.18936203181408
Qwen2.5-0.5B,rouge_l,-0.046226646117134146,-0.006239046035573612,-0.039987600081560534,-0.04308634910149198,-0.03688885106162909
Qwen2.5-0.5B,bertscore_f1,-0.015090160919999984,-0.012034082630000054,-0.0030560782899999306,-0.004782020189999847,-0.001330136390000014
Qwen2.5-0.5B,cosine_similarity,-0.06311330072209242,-0.021532643593847767,-0.04158065712824466,-0.04568372350186112,-0.0374775907546282
Qwen2.5-0.5B,word_count,5.785499999999999,4.208000000000002,1.577499999999997,2.076999999999998,1.0779999999999959
Qwen2.5-0.5B,repetition_rate,-0.00020262732331833295,0.00031459393941485,-0.000517221262733183,-0.000709657469148716,-0.0003247850563176499
Qwen2.5-0.5B,perplexity,9.841258689613245,11.853645561081052,-2.0123868714678093,-1.5145516475531338,-2.5102220953824848
Qwen2.5-3B,disease_f1,-0.13418843863858523,0.010254354016213552,-0.14444279265479879,-0.1280288414745892,-0.16085674383500836
Qwen2.5-3B,chemical_f1,-0.09768105895556875,0.03252671438945956,-0.1302077733450283,-0.16488743645606402,-0.0955281102339926
Qwen2.5-3B,context_supported_rate,-0.2412456262961773,0.0855493200487476,-0.3267949463449249,-0.3669534277028572,-0.2866364649869926
Qwen2.5-3B,context_unsupported_rate,0.24124562629617738,-0.08554932004874749,0.3267949463449249,0.36695342770285716,0.2866364649869926
Qwen2.5-3B,rouge_l,-0.05545566241521935,0.006593521770293806,-0.062049184185513154,-0.0630036493167315,-0.06109471905429481
Qwen2.5-3B,bertscore_f1,-0.027523735350000023,-0.009998480880000049,-0.017525254469999973,-0.019322027149999976,-0.01572848178999997
Qwen2.5-3B,cosine_similarity,-0.07998343324940649,-0.013698667549993826,-0.06628476569941266,-0.058795056875795115,-0.07377447452303021
Qwen2.5-3B,word_count,18.1935,-4.628999999999998,22.822499999999998,24.942999999999998,20.701999999999998
Qwen2.5-3B,repetition_rate,-0.0001748495204660685,0.00020012728325474998,-0.0003749768037208185,-0.00031548301894649994,-0.000434470588495137
Qwen2.5-3B,perplexity,7.711819843069648,3.2068129066677917,4.505006936401856,4.338927656350327,4.671086216453386
