metric,0.5B_recursive,0.5B_control,0.5B_delta_rc,3B_recursive,3B_control,3B_delta_rc
disease_f1,-0.1008142273171599,-0.0093337218337218,-0.091480505483438,-0.1341884386385852,0.0102543540162135,-0.1444427926547987
chemical_f1,-0.085745409274821,0.0340413943355119,-0.119786803610333,-0.0976810589555687,0.0325267143894595,-0.1302077733450283
context_supported_rate,-0.1649225372859862,0.0538123798957354,-0.2187349171817217,-0.2412456262961773,0.0855493200487476,-0.3267949463449249
context_unsupported_rate,0.1649225372859863,-0.0538123798957354,0.2187349171817217,0.2412456262961773,-0.0855493200487474,0.3267949463449249
rouge_l,-0.0462266461171341,-0.0062390460355736,-0.0399876000815605,-0.0554556624152193,0.0065935217702938,-0.0620491841855131
bertscore_f1,-0.0150901609199999,-0.01203408263,-0.0030560782899999,-0.02752373535,-0.00999848088,-0.0175252544699999
cosine_similarity,-0.0631133007220924,-0.0215326435938477,-0.0415806571282446,-0.0799834332494064,-0.0136986675499938,-0.0662847656994126
word_count,5.785499999999999,4.208000000000002,1.577499999999997,18.1935,-4.628999999999998,22.8225
repetition_rate,-0.0002026273233183,0.0003145939394148,-0.0005172212627331,-0.000174849520466,0.0002001272832547,-0.0003749768037208
perplexity,9.841258689613245,11.853645561081052,-2.0123868714678093,7.711819843069648,3.2068129066677917,4.505006936401856
