metric,Qwen2.5-0.5B,Qwen2.5-3B,3B_minus_0.5B,seed42_interaction,seed123_interaction
bertscore_f1,-0.0030560782899999306,-0.017525254469999973,-0.014469176180000043,-0.01454000696000013,-0.014398345399999957
chemical_f1,-0.119786803610333,-0.1302077733450283,-0.010420969734695307,-0.018668949061106027,-0.0021729904082845863
context_supported_rate,-0.2187349171817217,-0.3267949463449249,-0.1080600291632032,-0.11884562515349378,-0.09727443317291262
context_unsupported_rate,0.21873491718172178,0.3267949463449249,0.10806002916320312,0.11884562515349362,0.09727443317291257
cosine_similarity,-0.04158065712824466,-0.06628476569941266,-0.024704108571168004,-0.013111333373933998,-0.03629688376840201
disease_f1,-0.09148050548343804,-0.14444279265479879,-0.05296228717136074,-0.03549440458531361,-0.07043016975740787
perplexity,-2.0123868714678093,4.505006936401856,6.517393807869666,5.853479303903461,7.1813083118358705
repetition_rate,-0.000517221262733183,-0.0003749768037208185,0.0001422444590123645,0.00039417445020221607,-0.00010968553217748713
rouge_l,-0.039987600081560534,-0.062049184185513154,-0.02206158410395262,-0.01991730021523952,-0.02420586799266572
word_count,1.577499999999997,22.822499999999998,21.245,22.866,19.624000000000002
