model,condition,seed,metric,n,mean_change,ci_95_low,ci_95_high,cohens_dz,wilcoxon_p
Qwen2.5-0.5B,Recursive,42,Disease F1,96,-0.0340533309283309,-0.0795646569865319,0.0100108976671476,-0.1509507644063399,0.1477180891750411
Qwen2.5-0.5B,Recursive,42,Chemical F1,15,0.0666666666666666,-0.0222222222222222,0.1555555555555555,0.3789323733725367,0.1118355218373543
Qwen2.5-0.5B,Recursive,42,ROUGE-L,1000,-0.0478198615989065,-0.0521771030001239,-0.0435817951892524,-0.6802270140256023,1.966799698655388e-83
Qwen2.5-0.5B,Recursive,42,BERTScore F1,1000,-0.01586301553,-0.01732376923975,-0.0144682940767499,-0.6911440684894053,3.4040249673643016e-103
Qwen2.5-0.5B,Recursive,42,Cosine similarity,1000,-0.0672025233879685,-0.0764040129793807,-0.0582516704419627,-0.4556723175895391,4.511420485449114e-43
Qwen2.5-0.5B,Recursive,42,Perplexity,1000,10.401279382708166,8.964176310305918,12.728248340768978,0.3119845945628274,4.915968450927636e-146
Qwen2.5-0.5B,Recursive,123,Disease F1,104,-0.0348602786102786,-0.0817475926850927,0.0118454809079808,-0.1440141085408179,0.1321781988171404
Qwen2.5-0.5B,Recursive,123,Chemical F1,16,-0.0760416666666666,-0.16875,0.0177083333333333,-0.3852406347614691,0.14343261961361
Qwen2.5-0.5B,Recursive,123,ROUGE-L,1000,-0.0446334306353617,-0.0489264966904266,-0.0404364450136629,-0.6548047216832393,2.790921239679406e-75
Qwen2.5-0.5B,Recursive,123,BERTScore F1,1000,-0.01431730631,-0.01554368132175,-0.0131149308925,-0.7354000577165285,6.352175167628031e-100
Qwen2.5-0.5B,Recursive,123,Cosine similarity,1000,-0.0590240780562162,-0.0680938201509416,-0.0500949350245297,-0.4058056121765057,1.5684245311035635e-35
Qwen2.5-0.5B,Recursive,123,Perplexity,1000,9.281237996518314,8.690924261219683,9.89297188845513,0.9612572426349388,2.8713563329915064e-144
Qwen2.5-0.5B,Human_Control,42,Disease F1,143,-0.0116610662065207,-0.0502121868030958,0.0270952658452658,-0.0494935482974581,0.5750719244902168
Qwen2.5-0.5B,Human_Control,42,Chemical F1,31,-0.0353302611367127,-0.1072196620583717,0.0333333333333333,-0.1751590326045984,0.2787921067440997
Qwen2.5-0.5B,Human_Control,42,ROUGE-L,1000,-0.0047335124974145,-0.0093642554219745,-0.0001125013532988,-0.0632713216989681,0.2246858463664867
Qwen2.5-0.5B,Human_Control,42,BERTScore F1,1000,-0.01108099534,-0.01260629361,-0.009599195379,-0.4539048468191711,3.5448490595127116e-48
Qwen2.5-0.5B,Human_Control,42,Cosine similarity,1000,-0.0215187998861074,-0.0306096689097583,-0.0123767005700618,-0.1472226899569853,4.676221315364886e-06
Qwen2.5-0.5B,Human_Control,42,Perplexity,1000,11.9158310302613,11.036809331946392,12.887189189130074,0.8011553965375496,8.830461779785847e-148
Qwen2.5-0.5B,Human_Control,123,Disease F1,172,-0.0282165508909694,-0.0632298273431994,0.0054728451458102,-0.122470470526748,0.1673924697431412
Qwen2.5-0.5B,Human_Control,123,Chemical F1,25,-0.08,-0.1546999999999999,-0.0119999999999999,-0.4242640687119285,0.0360492955797472
Qwen2.5-0.5B,Human_Control,123,ROUGE-L,1000,-0.0077445795737326,-0.0122992659477562,-0.0032037114746441,-0.1061984414616226,0.0068965115462083
Qwen2.5-0.5B,Human_Control,123,BERTScore F1,1000,-0.0129871699199999,-0.0144564617052499,-0.011557551627,-0.554678449575142,1.1120434593553555e-68
Qwen2.5-0.5B,Human_Control,123,Cosine similarity,1000,-0.021546487301588,-0.0305812743451446,-0.0123365926563739,-0.1475219466474829,6.337122920221346e-07
Qwen2.5-0.5B,Human_Control,123,Perplexity,1000,11.7914600919008,11.066606668653751,12.55187733868911,0.98469408174545,1.1809338865472289e-146
Qwen2.5-3B,Recursive,42,Disease F1,100,-0.0779089466089466,-0.1188077705627705,-0.0367796789321789,-0.3720077934501135,0.0009342551493176
Qwen2.5-3B,Recursive,42,Chemical F1,17,-0.0764705882352941,-0.1372549019607843,-0.0254411764705889,-0.6221809135402646,0.0268566955075243
Qwen2.5-3B,Recursive,42,ROUGE-L,1000,-0.0560312379099273,-0.0599709436612103,-0.0521511077532364,-0.8867951076409106,8.133960549452604e-112
Qwen2.5-3B,Recursive,42,BERTScore F1,1000,-0.02898011258,-0.03083363677325,-0.02715138657875,-0.9600447328665076,5.503170852272771e-146
Qwen2.5-3B,Recursive,42,Cosine similarity,1000,-0.0751960392221808,-0.0840602236595004,-0.0664507575001567,-0.5182729922479854,7.9739593443674005e-53
Qwen2.5-3B,Recursive,42,Perplexity,1000,7.715062571271863,7.390476611020987,8.049785128472278,1.4518692980862962,2.271388062427874e-161
Qwen2.5-3B,Recursive,123,Disease F1,99,-0.0802461847916393,-0.1240666404302767,-0.0394562326001719,-0.3731564977631418,0.0005111597709823
Qwen2.5-3B,Recursive,123,Chemical F1,20,-0.059004329004329,-0.1690573593073593,0.0609956709956709,-0.2145284695271671,0.313859733048452
Qwen2.5-3B,Recursive,123,ROUGE-L,1000,-0.0548800869205113,-0.0588354932737775,-0.0509288455352179,-0.8621213780367015,1.660688489486561e-108
Qwen2.5-3B,Recursive,123,BERTScore F1,1000,-0.02606735812,-0.02785705375475,-0.024346455585,-0.9199265842264268,1.573344928359603e-140
Qwen2.5-3B,Recursive,123,Cosine similarity,1000,-0.0847708272766322,-0.0937846740661654,-0.0757917359269224,-0.5856392608625349,8.142428885558928e-65
Qwen2.5-3B,Recursive,123,Perplexity,1000,7.708577114867432,7.397076021680163,8.021230736433274,1.5430705374769396,8.370544947945457e-163
Qwen2.5-3B,Human_Control,42,Disease F1,173,0.0049964486380671,-0.0288770927210233,0.0394778503449023,0.0219132202082555,0.674939002655226
Qwen2.5-3B,Human_Control,42,Chemical F1,26,0.0485347985347985,-0.0177655677655677,0.1210668498168497,0.2657419134833777,0.2023283082009374
Qwen2.5-3B,Human_Control,42,ROUGE-L,1000,0.0069724114068041,0.0023431371741432,0.0115534060933421,0.0927997056238986,0.0018167570337298
Qwen2.5-3B,Human_Control,42,BERTScore F1,1000,-0.0096580854299999,-0.0113132601792499,-0.008054496569,-0.3620321452487827,1.758676856610237e-24
Qwen2.5-3B,Human_Control,42,Cosine similarity,1000,-0.0164009823463857,-0.0254106302049942,-0.0075246427149511,-0.1115715992376092,0.0012547585945289
Qwen2.5-3B,Human_Control,42,Perplexity,1000,3.376134914921536,3.090828934582496,3.681081254861828,0.7004323096775186,2.402682230945152e-97
Qwen2.5-3B,Human_Control,123,Disease F1,171,-0.0079763431156619,-0.0409236487435661,0.0253427438669956,-0.0363406013246315,0.5415404375034386
Qwen2.5-3B,Human_Control,123,Chemical F1,25,0.0387619047619047,-0.0333333333333333,0.1120952380952381,0.2049116016335457,0.2869772815564394
Qwen2.5-3B,Human_Control,123,ROUGE-L,1000,0.0062146321337835,0.0015806584620328,0.0109674182128319,0.0805718209345906,0.0016308724479367
Qwen2.5-3B,Human_Control,123,BERTScore F1,1000,-0.01033887633,-0.0121748571255,-0.00855413777425,-0.3563846854524753,4.339049663739895e-20
Qwen2.5-3B,Human_Control,123,Cosine similarity,1000,-0.0109963527536019,-0.0206186515588779,-0.0014892922064987,-0.0719030602012439,0.3937278330009469
Qwen2.5-3B,Human_Control,123,Perplexity,1000,3.0374908984140494,2.761043823133861,3.323429309935873,0.6717354728924704,2.5049568449327543e-85
